Workbook

Sheet Customers
A1: Customer ID | B1: Customer Name | C1: Industry
A2: C001 | B2: Nestlé India | C2: FMCG
A3: C002 | B3: Hindustan Unilever | C3: FMCG
A4: C003 | B4: ITC Ltd | C4: FMCG
A5: C004 | B5: Asian Paints | C5: Manufacturing
A6: C005 | B6: Tata Consumer | C6: FMCG
A7: C006 | B7: Marico | C7: FMCG
A8: C007 | B8: Britannia | C8: FMCG
A9: C008 | B9: Dabur | C9: FMCG
A10: C009 | B10: Reliance Retail | C10: Retail
A11: C010 | B11: Flipkart | C11: E-Commerce
A12: C011 | B12: Amazon India | C12: E-Commerce
... A21: C020 | B21: Cipla | C21: Pharma

Sheet Vehicles
A1: Vehicle ID | B1: Vehicle Type | C1: Capacity (Tons) | D1: Fuel Type
A2: V001 | B2: Truck | C2: 16 | D2: Diesel
A3: V002 | B3: Truck | C3: 20 | D3: Diesel
A4: V003 | B4: Truck | C4: 25 | D4: Diesel
A5: V004 | B5: Trailer | C5: 28 | D5: Diesel
A6: V005 | B6: Trailer | C6: 32 | D6: Diesel
A7: V006 | B7: Container | C7: 18 | D7: Diesel
A8: V007 | B8: Container | C8: 20 | D8: Diesel
A9: V008 | B9: Container | C9: 25 | D9: Diesel
A10: V009 | B10: LCV | C10: 5 | D10: Diesel
A11: V010 | B11: LCV | C11: 7 | D11: Diesel
A12: V011 | B12: Truck | C12: 18 | D12: CNG
A13: V012 | B13: Truck | C13: 20 | D13: CNG
... A21: V020 | B21: Container | C21: 28 | D21: Diesel

Sheet Drivers
A1: Driver ID | B1: Driver Name | C1: Experience (Years)
A2: D001 | B2: Rahul Sharma | C2: 12
A3: D002 | B3: Amit Singh | C3: 8
A4: D003 | B4: Rakesh Kumar | C4: 10
A5: D004 | B5: Imran Khan | C5: 6
A6: D005 | B6: Suresh Patel | C6: 15
A7: D006 | B7: Vikram Yadav | C7: 9
A8: D007 | B8: Manoj Verma | C8: 11
A9: D008 | B9: Deepak Gupta | C9: 5
A10: D009 | B10: Arjun Mehta | C10: 14
A11: D010 | B11: Sunil Chauhan | C11: 13
A12: D011 | B12: Karan Joshi | C12: 7
A13: D012 | B13: Ravi Mishra | C13: 8
... A31: D030 | B31: Naveen Kumar | C31: 12

Sheet Routes
A1: Route ID | B1: Origin | C1: Destination | D1: Distance (KM)
A2: R001 | B2: Mumbai | C2: Pune | D2: 150
A3: R002 | B3: Mumbai | C3: Ahmedabad | D3: 530
A4: R003 | B4: Mumbai | C4: Delhi | D4: 1450
A5: R004 | B5: Mumbai | C5: Bengaluru | D5: 980
A6: R005 | B6: Delhi | C6: Jaipur | D6: 280
A7: R006 | B7: Delhi | C7: Lucknow | D7: 550
A8: R007 | B8: Delhi | C8: Chandigarh | D8: 250
A9: R008 | B9: Delhi | C9: Kolkata | D9: 1500
A10: R009 | B10: Bengaluru | C10: Chennai | D10: 350
A11: R010 | B11: Bengaluru | C11: Hyderabad | D11: 570
A12: R011 | B12: Bengaluru | C12: Kochi | D12: 550
A13: R012 | B13: Chennai | C13: Coimbatore | D13: 500
... A31: R030 | B31: Bhubaneswar | C31: Kolkata | D31: 440

Sheet Shipments
A1: Shipment ID | B1: Shipment Date | C1: Customer ID | D1: Route ID | E1: Vehicle ID | F1: Driver ID | G1: Load (Tons) | H1: Freight Cost | I1: Fuel Cost | J1: Toll Cost | K1: Planned Transit (Hrs) | L1: Actual Transit (Hrs) | M1: Delay (Hrs) | N1: Delivery Status | O1: Priority | P1: Vehicle Utilization % | Q1: Origin | R1: Destination | S1: Distance (KM) | T1: Vehicle Type | U1: Capacity (Tons) | V1: Fuel Type | W1: Fuel Rate | X1: Cost per KM | Y1: Total Cost | Z1: Month | AA1: Quarter | AB1: Route Type
A2: ="S"&TEXT(ROW()-1,"0000") -> S0001 | B2: =DATE(2025,RANDBETWEEN(1,12),RANDBETWEEN(1,28)) -> 45873 | C2: =INDEX(Customers!$A$2:$A$21,RANDBETWEEN(1,20)) -> C001 | D2: =INDEX(Routes!$A$2:$A$31,RANDBETWEEN(1,30)) -> R012 | E2: =INDEX(Vehicles!$A$2:$A$21,RANDBETWEEN(1,20)) -> V006 | F2: =INDEX(Drivers!$A$2:$A$31,RANDBETWEEN(1,30)) -> D003 | G2: =ROUND(RANDBETWEEN(20,300)/10,1) -> 25.5 | H2: =ROUND((G2*1800)+RANDBETWEEN(3000,15000),0) -> 60737 | I2: =ROUND(H2*0.28,0) -> 17006 | J2: =RANDBETWEEN(500,4000) -> 2900 | K2: =RANDBETWEEN(4,48) -> 13 | L2: =K2+RANDBETWEEN(0,8) -> 19 | M2: =L2-K2 -> 6 | N2: =IF(M2<=2,"On Time","Delayed") -> Delayed | O2: =CHOOSE(RANDBETWEEN(1,3),"High","Medium","Low") -> Low | P2: =ROUND((G2/30)*100,1) -> 85 | Q2: =VLOOKUP(D2,Routes!$A$2:$D$31,2,FALSE) -> Chennai | R2: =VLOOKUP(D2,Routes!$A$2:$D$31,3,FALSE) -> Coimbatore | S2: =VLOOKUP(D2,Routes!$A$2:$D$31,4,FALSE) -> 500 | T2: =VLOOKUP(E2,Vehicles!$A$2:$D$21,2,FALSE) -> Container | U2: =VLOOKUP(E2,Vehicles!$A$2:$D$21,3,FALSE) -> 18 | V2: =VLOOKUP(E2,Vehicles!$A$2:$D$21,4,FALSE) -> Diesel | W2: =VLOOKUP(V2,Fuel_Rates!$A$2:$B$3,2,FALSE) -> 95 | X2: =ROUND(H2/S2,2) -> 121.47 | Y2: =H2+I2+J2 -> 80643 | Z2: =TEXT(B2,"mmm") -> Aug | AA2: ="Q"&ROUNDUP(MONTH(B2)/3,0) -> Q3 | AB2: =IF(S2<300,"Short Haul",IF(S2<800,"Medium Haul","Long Haul")) -> Medium Haul
A3: ="S"&TEXT(ROW()-1,"0000") -> S0002 | B3: =DATE(2025,RANDBETWEEN(1,12),RANDBETWEEN(1,28)) -> 45893 | C3: =INDEX(Customers!$A$2:$A$21,RANDBETWEEN(1,20)) -> C011 | D3: =INDEX(Routes!$A$2:$A$31,RANDBETWEEN(1,30)) -> R023 | E3: =INDEX(Vehicles!$A$2:$A$21,RANDBETWEEN(1,20)) -> V012 | F3: =INDEX(Drivers!$A$2:$A$31,RANDBETWEEN(1,30)) -> D030 | G3: =ROUND(RANDBETWEEN(20,300)/10,1) -> 3.3 | H3: =ROUND((G3*1800)+RANDBETWEEN(3000,15000),0) -> 12900 | I3: =ROUND(H3*0.28,0) -> 3612 | J3: =RANDBETWEEN(500,4000) -> 3823 | K3: =RANDBETWEEN(4,48) -> 32 | L3: =K3+RANDBETWEEN(0,8) -> 37 | M3: =L3-K3 -> 5 | N3: =IF(M3<=2,"On Time","Delayed") -> Delayed | O3: =CHOOSE(RANDBETWEEN(1,3),"High","Medium","Low") -> High | P3: =ROUND((G3/30)*100,1) -> 11 | Q3: =VLOOKUP(D3,Routes!$A$2:$D$31,2,FALSE) -> Kochi | R3: =VLOOKUP(D3,Routes!$A$2:$D$31,3,FALSE) -> Bengaluru | S3: =VLOOKUP(D3,Routes!$A$2:$D$31,4,FALSE) -> 550 | T3: =VLOOKUP(E3,Vehicles!$A$2:$D$21,2,FALSE) -> Truck | U3: =VLOOKUP(E3,Vehicles!$A$2:$D$21,3,FALSE) -> 20 | V3: =VLOOKUP(E3,Vehicles!$A$2:$D$21,4,FALSE) -> CNG | W3: =VLOOKUP(V3,Fuel_Rates!$A$2:$B$3,2,FALSE) -> 78 | X3: =ROUND(H3/S3,2) -> 23.45 | Y3: =H3+I3+J3 -> 20335 | Z3: =TEXT(B3,"mmm") -> Aug | AA3: ="Q"&ROUNDUP(MONTH(B3)/3,0) -> Q3 | AB3: =IF(S3<300,"Short Haul",IF(S3<800,"Medium Haul","Long Haul")) -> Medium Haul
A4: ="S"&TEXT(ROW()-1,"0000") -> S0003 | B4: =DATE(2025,RANDBETWEEN(1,12),RANDBETWEEN(1,28)) -> 45715 | C4: =INDEX(Customers!$A$2:$A$21,RANDBETWEEN(1,20)) -> C004 | D4: =INDEX(Routes!$A$2:$A$31,RANDBETWEEN(1,30)) -> R010 | E4: =INDEX(Vehicles!$A$2:$A$21,RANDBETWEEN(1,20)) -> V011 | F4: =INDEX(Drivers!$A$2:$A$31,RANDBETWEEN(1,30)) -> D006 | G4: =ROUND(RANDBETWEEN(20,300)/10,1) -> 19.9 | H4: =ROUND((G4*1800)+RANDBETWEEN(3000,15000),0) -> 40210 | I4: =ROUND(H4*0.28,0) -> 11259 | J4: =RANDBETWEEN(500,4000) -> 1461 | K4: =RANDBETWEEN(4,48) -> 18 | L4: =K4+RANDBETWEEN(0,8) -> 26 | M4: =L4-K4 -> 8 | N4: =IF(M4<=2,"On Time","Delayed") -> Delayed | O4: =CHOOSE(RANDBETWEEN(1,3),"High","Medium","Low") -> Low | P4: =ROUND((G4/30)*100,1) -> 66.3 | Q4: =VLOOKUP(D4,Routes!$A$2:$D$31,2,FALSE) -> Bengaluru | R4: =VLOOKUP(D4,Routes!$A$2:$D$31,3,FALSE) -> Hyderabad | S4: =VLOOKUP(D4,Routes!$A$2:$D$31,4,FALSE) -> 570 | T4: =VLOOKUP(E4,Vehicles!$A$2:$D$21,2,FALSE) -> Truck | U4: =VLOOKUP(E4,Vehicles!$A$2:$D$21,3,FALSE) -> 18 | V4: =VLOOKUP(E4,Vehicles!$A$2:$D$21,4,FALSE) -> CNG | W4: =VLOOKUP(V4,Fuel_Rates!$A$2:$B$3,2,FALSE) -> 78 | X4: =ROUND(H4/S4,2) -> 70.54 | Y4: =H4+I4+J4 -> 52930 | Z4: =TEXT(B4,"mmm") -> Feb | AA4: ="Q"&ROUNDUP(MONTH(B4)/3,0) -> Q1 | AB4: =IF(S4<300,"Short Haul",IF(S4<800,"Medium Haul","Long Haul")) -> Medium Haul
A5: ="S"&TEXT(ROW()-1,"0000") -> S0004 | B5: =DATE(2025,RANDBETWEEN(1,12),RANDBETWEEN(1,28)) -> 45978 | C5: =INDEX(Customers!$A$2:$A$21,RANDBETWEEN(1,20)) -> C008 | D5: =INDEX(Routes!$A$2:$A$31,RANDBETWEEN(1,30)) -> R024 | E5: =INDEX(Vehicles!$A$2:$A$21,RANDBETWEEN(1,20)) -> V006 | F5: =INDEX(Drivers!$A$2:$A$31,RANDBETWEEN(1,30)) -> D002 | G5: =ROUND(RANDBETWEEN(20,300)/10,1) -> 20.9 | H5: =ROUND((G5*1800)+RANDBETWEEN(3000,15000),0) -> 49644 | I5: =ROUND(H5*0.28,0) -> 13900 | J5: =RANDBETWEEN(500,4000) -> 564 | K5: =RANDBETWEEN(4,48) -> 30 | L5: =K5+RANDBETWEEN(0,8) -> 30 | M5: =L5-K5 -> 0 | N5: =IF(M5<=2,"On Time","Delayed") -> On Time | O5: =CHOOSE(RANDBETWEEN(1,3),"High","Medium","Low") -> Low | P5: =ROUND((G5/30)*100,1) -> 69.7 | Q5: =VLOOKUP(D5,Routes!$A$2:$D$31,2,FALSE) -> Surat | R5: =VLOOKUP(D5,Routes!$A$2:$D$31,3,FALSE) -> Mumbai | S5: =VLOOKUP(D5,Routes!$A$2:$D$31,4,FALSE) -> 280 | T5: =VLOOKUP(E5,Vehicles!$A$2:$D$21,2,FALSE) -> Container | U5: =VLOOKUP(E5,Vehicles!$A$2:$D$21,3,FALSE) -> 18 | V5: =VLOOKUP(E5,Vehicles!$A$2:$D$21,4,FALSE) -> Diesel | W5: =VLOOKUP(V5,Fuel_Rates!$A$2:$B$3,2,FALSE) -> 95 | X5: =ROUND(H5/S5,2) -> 177.3 | Y5: =H5+I5+J5 -> 64108 | Z5: =TEXT(B5,"mmm") -> Nov | AA5: ="Q"&ROUNDUP(MONTH(B5)/3,0) -> Q4 | AB5: =IF(S5<300,"Short Haul",IF(S5<800,"Medium Haul","Long Haul")) -> Short Haul
A6: ="S"&TEXT(ROW()-1,"0000") -> S0005 | B6: =DATE(2025,RANDBETWEEN(1,12),RANDBETWEEN(1,28)) -> 45949 | C6: =INDEX(Customers!$A$2:$A$21,RANDBETWEEN(1,20)) -> C007 | D6: =INDEX(Routes!$A$2:$A$31,RANDBETWEEN(1,30)) -> R013 | E6: =INDEX(Vehicles!$A$2:$A$21,RANDBETWEEN(1,20)) -> V013 | F6: =INDEX(Drivers!$A$2:$A$31,RANDBETWEEN(1,30)) -> D012 | G6: =ROUND(RANDBETWEEN(20,300)/10,1) -> 22.9 | H6: =ROUND((G6*1800)+RANDBETWEEN(3000,15000),0) -> 52190 | I6: =ROUND(H6*0.28,0) -> 14613 | J6: =RANDBETWEEN(500,4000) -> 3595 | K6: =RANDBETWEEN(4,48) -> 23 | L6: =K6+RANDBETWEEN(0,8) -> 31 | M6: =L6-K6 -> 8 | N6: =IF(M6<=2,"On Time","Delayed") -> Delayed | O6: =CHOOSE(RANDBETWEEN(1,3),"High","Medium","Low") -> High | P6: =ROUND((G6/30)*100,1) -> 76.3 | Q6: =VLOOKUP(D6,Routes!$A$2:$D$31,2,FALSE) -> Chennai | R6: =VLOOKUP(D6,Routes!$A$2:$D$31,3,FALSE) -> Hyderabad | S6: =VLOOKUP(D6,Routes!$A$2:$D$31,4,FALSE) -> 630 | T6: =VLOOKUP(E6,Vehicles!$A$2:$D$21,2,FALSE) -> LCV | U6: =VLOOKUP(E6,Vehicles!$A$2:$D$21,3,FALSE) -> 4 | V6: =VLOOKUP(E6,Vehicles!$A$2:$D$21,4,FALSE) -> CNG | W6: =VLOOKUP(V6,Fuel_Rates!$A$2:$B$3,2,FALSE) -> 78 | X6: =ROUND(H6/S6,2) -> 82.84 | Y6: =H6+I6+J6 -> 70398 | Z6: =TEXT(B6,"mmm") -> Oct | AA6: ="Q"&ROUNDUP(MONTH(B6)/3,0) -> Q4 | AB6: =IF(S6<300,"Short Haul",IF(S6<800,"Medium Haul","Long Haul")) -> Medium Haul
A7: ="S"&TEXT(ROW()-1,"0000") -> S0006 | B7: =DATE(2025,RANDBETWEEN(1,12),RANDBETWEEN(1,28)) -> 45909 | C7: =INDEX(Customers!$A$2:$A$21,RANDBETWEEN(1,20)) -> C008 | D7: =INDEX(Routes!$A$2:$A$31,RANDBETWEEN(1,30)) -> R022 | E7: =INDEX(Vehicles!$A$2:$A$21,RANDBETWEEN(1,20)) -> V004 | F7: =INDEX(Drivers!$A$2:$A$31,RANDBETWEEN(1,30)) -> D005 | G7: =ROUND(RANDBETWEEN(20,300)/10,1) -> 29.9 | H7: =ROUND((G7*1800)+RANDBETWEEN(3000,15000),0) -> 68200 | I7: =ROUND(H7*0.28,0) -> 19096 | J7: =RANDBETWEEN(500,4000) -> 3765 | K7: =RANDBETWEEN(4,48) -> 5 | L7: =K7+RANDBETWEEN(0,8) -> 12 | M7: =L7-K7 -> 7 | N7: =IF(M7<=2,"On Time","Delayed") -> Delayed | O7: =CHOOSE(RANDBETWEEN(1,3),"High","Medium","Low") -> High | P7: =ROUND((G7/30)*100,1) -> 99.7 | Q7: =VLOOKUP(D7,Routes!$A$2:$D$31,2,FALSE) -> Jaipur | R7: =VLOOKUP(D7,Routes!$A$2:$D$31,3,FALSE) -> Indore | S7: =VLOOKUP(D7,Routes!$A$2:$D$31,4,FALSE) -> 600 | T7: =VLOOKUP(E7,Vehicles!$A$2:$D$21,2,FALSE) -> Trailer | U7: =VLOOKUP(E7,Vehicles!$A$2:$D$21,3,FALSE) -> 28 | V7: =VLOOKUP(E7,Vehicles!$A$2:$D$21,4,FALSE) -> Diesel | W7: =VLOOKUP(V7,Fuel_Rates!$A$2:$B$3,2,FALSE) -> 95 | X7: =ROUND(H7/S7,2) -> 113.67 | Y7: =H7+I7+J7 -> 91061 | Z7: =TEXT(B7,"mmm") -> Sep | AA7: ="Q"&ROUNDUP(MONTH(B7)/3,0) -> Q3 | AB7: =IF(S7<300,"Short Haul",IF(S7<800,"Medium Haul","Long Haul")) -> Medium Haul
A8: ="S"&TEXT(ROW()-1,"0000") -> S0007 | B8: =DATE(2025,RANDBETWEEN(1,12),RANDBETWEEN(1,28)) -> 45904 | C8: =INDEX(Customers!$A$2:$A$21,RANDBETWEEN(1,20)) -> C001 | D8: =INDEX(Routes!$A$2:$A$31,RANDBETWEEN(1,30)) -> R014 | E8: =INDEX(Vehicles!$A$2:$A$21,RANDBETWEEN(1,20)) -> V008 | F8: =INDEX(Drivers!$A$2:$A$31,RANDBETWEEN(1,30)) -> D015 | G8: =ROUND(RANDBETWEEN(20,300)/10,1) -> 27.7 | H8: =ROUND((G8*1800)+RANDBETWEEN(3000,15000),0) -> 60546 | I8: =ROUND(H8*0.28,0) -> 16953 | J8: =RANDBETWEEN(500,4000) -> 1885 | K8: =RANDBETWEEN(4,48) -> 28 | L8: =K8+RANDBETWEEN(0,8) -> 32 | M8: =L8-K8 -> 4 | N8: =IF(M8<=2,"On Time","Delayed") -> Delayed | O8: =CHOOSE(RANDBETWEEN(1,3),"High","Medium","Low") -> Low | P8: =ROUND((G8/30)*100,1) -> 92.3 | Q8: =VLOOKUP(D8,Routes!$A$2:$D$31,2,FALSE) -> Hyderabad | R8: =VLOOKUP(D8,Routes!$A$2:$D$31,3,FALSE) -> Nagpur | S8: =VLOOKUP(D8,Routes!$A$2:$D$31,4,FALSE) -> 500 | T8: =VLOOKUP(E8,Vehicles!$A$2:$D$21,2,FALSE) -> Container | U8: =VLOOKUP(E8,Vehicles!$A$2:$D$21,3,FALSE) -> 25 | V8: =VLOOKUP(E8,Vehicles!$A$2:$D$21,4,FALSE) -> Diesel | W8: =VLOOKUP(V8,Fuel_Rates!$A$2:$B$3,2,FALSE) -> 95 | X8: =ROUND(H8/S8,2) -> 121.09 | Y8: =H8+I8+J8 -> 79384 | Z8: =TEXT(B8,"mmm") -> Sep | AA8: ="Q"&ROUNDUP(MONTH(B8)/3,0) -> Q3 | AB8: =IF(S8<300,"Short Haul",IF(S8<800,"Medium Haul","Long Haul")) -> Medium Haul
A9: ="S"&TEXT(ROW()-1,"0000") -> S0008 | B9: =DATE(2025,RANDBETWEEN(1,12),RANDBETWEEN(1,28)) -> 45709 | C9: =INDEX(Customers!$A$2:$A$21,RANDBETWEEN(1,20)) -> C005 | D9: =INDEX(Routes!$A$2:$A$31,RANDBETWEEN(1,30)) -> R024 | E9: =INDEX(Vehicles!$A$2:$A$21,RANDBETWEEN(1,20)) -> V014 | F9: =INDEX(Drivers!$A$2:$A$31,RANDBETWEEN(1,30)) -> D009 | G9: =ROUND(RANDBETWEEN(20,300)/10,1) -> 13.2 | H9: =ROUND((G9*1800)+RANDBETWEEN(3000,15000),0) -> 34543 | I9: =ROUND(H9*0.28,0) -> 9672 | J9: =RANDBETWEEN(500,4000) -> 1791 | K9: =RANDBETWEEN(4,48) -> 14 | L9: =K9+RANDBETWEEN(0,8) -> 14 | M9: =L9-K9 -> 0 | N9: =IF(M9<=2,"On Time","Delayed") -> On Time | O9: =CHOOSE(RANDBETWEEN(1,3),"High","Medium","Low") -> Low | P9: =ROUND((G9/30)*100,1) -> 44 | Q9: =VLOOKUP(D9,Routes!$A$2:$D$31,2,FALSE) -> Surat | R9: =VLOOKUP(D9,Routes!$A$2:$D$31,3,FALSE) -> Mumbai | S9: =VLOOKUP(D9,Routes!$A$2:$D$31,4,FALSE) -> 280 | T9: =VLOOKUP(E9,Vehicles!$A$2:$D$21,2,FALSE) -> LCV | U9: =VLOOKUP(E9,Vehicles!$A$2:$D$21,3,FALSE) -> 6 | V9: =VLOOKUP(E9,Vehicles!$A$2:$D$21,4,FALSE) -> CNG | W9: =VLOOKUP(V9,Fuel_Rates!$A$2:$B$3,2,FALSE) -> 78 | X9: =ROUND(H9/S9,2) -> 123.37 | Y9: =H9+I9+J9 -> 46006 | Z9: =TEXT(B9,"mmm") -> Feb | AA9: ="Q"&ROUNDUP(MONTH(B9)/3,0) -> Q1 | AB9: =IF(S9<300,"Short Haul",IF(S9<800,"Medium Haul","Long Haul")) -> Short Haul
A10: ="S"&TEXT(ROW()-1,"0000") -> S0009 | B10: =DATE(2025,RANDBETWEEN(1,12),RANDBETWEEN(1,28)) -> 45821 | C10: =INDEX(Customers!$A$2:$A$21,RANDBETWEEN(1,20)) -> C008 | D10: =INDEX(Routes!$A$2:$A$31,RANDBETWEEN(1,30)) -> R022 | E10: =INDEX(Vehicles!$A$2:$A$21,RANDBETWEEN(1,20)) -> V014 | F10: =INDEX(Drivers!$A$2:$A$31,RANDBETWEEN(1,30)) -> D017 | G10: =ROUND(RANDBETWEEN(20,300)/10,1) -> 23.2 | H10: =ROUND((G10*1800)+RANDBETWEEN(3000,15000),0) -> 47001 | I10: =ROUND(H10*0.28,0) -> 13160 | J10: =RANDBETWEEN(500,4000) -> 2335 | K10: =RANDBETWEEN(4,48) -> 12 | L10: =K10+RANDBETWEEN(0,8) -> 19 | M10: =L10-K10 -> 7 | N10: =IF(M10<=2,"On Time","Delayed") -> Delayed | O10: =CHOOSE(RANDBETWEEN(1,3),"High","Medium","Low") -> Low | P10: =ROUND((G10/30)*100,1) -> 77.3 | Q10: =VLOOKUP(D10,Routes!$A$2:$D$31,2,FALSE) -> Jaipur | R10: =VLOOKUP(D10,Routes!$A$2:$D$31,3,FALSE) -> Indore | S10: =VLOOKUP(D10,Routes!$A$2:$D$31,4,FALSE) -> 600 | T10: =VLOOKUP(E10,Vehicles!$A$2:$D$21,2,FALSE) -> LCV | U10: =VLOOKUP(E10,Vehicles!$A$2:$D$21,3,FALSE) -> 6 | V10: =VLOOKUP(E10,Vehicles!$A$2:$D$21,4,FALSE) -> CNG | W10: =VLOOKUP(V10,Fuel_Rates!$A$2:$B$3,2,FALSE) -> 78 | X10: =ROUND(H10/S10,2) -> 78.34 | Y10: =H10+I10+J10 -> 62496 | Z10: =TEXT(B10,"mmm") -> Jun | AA10: ="Q"&ROUNDUP(MONTH(B10)/3,0) -> Q2 | AB10: =IF(S10<300,"Short Haul",IF(S10<800,"Medium Haul","Long Haul")) -> Medium Haul
A11: ="S"&TEXT(ROW()-1,"0000") -> S0010 | B11: =DATE(2025,RANDBETWEEN(1,12),RANDBETWEEN(1,28)) -> 45975 | C11: =INDEX(Customers!$A$2:$A$21,RANDBETWEEN(1,20)) -> C003 | D11: =INDEX(Routes!$A$2:$A$31,RANDBETWEEN(1,30)) -> R003 | E11: =INDEX(Vehicles!$A$2:$A$21,RANDBETWEEN(1,20)) -> V014 | F11: =INDEX(Drivers!$A$2:$A$31,RANDBETWEEN(1,30)) -> D003 | G11: =ROUND(RANDBETWEEN(20,300)/10,1) -> 23 | H11: =ROUND((G11*1800)+RANDBETWEEN(3000,15000),0) -> 45386 | I11: =ROUND(H11*0.28,0) -> 12708 | J11: =RANDBETWEEN(500,4000) -> 2452 | K11: =RANDBETWEEN(4,48) -> 48 | L11: =K11+RANDBETWEEN(0,8) -> 54 | M11: =L11-K11 -> 6 | N11: =IF(M11<=2,"On Time","Delayed") -> Delayed | O11: =CHOOSE(RANDBETWEEN(1,3),"High","Medium","Low") -> Low | P11: =ROUND((G11/30)*100,1) -> 76.7 | Q11: =VLOOKUP(D11,Routes!$A$2:$D$31,2,FALSE) -> Mumbai | R11: =VLOOKUP(D11,Routes!$A$2:$D$31,3,FALSE) -> Delhi | S11: =VLOOKUP(D11,Routes!$A$2:$D$31,4,FALSE) -> 1450 | T11: =VLOOKUP(E11,Vehicles!$A$2:$D$21,2,FALSE) -> LCV | U11: =VLOOKUP(E11,Vehicles!$A$2:$D$21,3,FALSE) -> 6 | V11: =VLOOKUP(E11,Vehicles!$A$2:$D$21,4,FALSE) -> CNG | W11: =VLOOKUP(V11,Fuel_Rates!$A$2:$B$3,2,FALSE) -> 78 | X11: =ROUND(H11/S11,2) -> 31.3 | Y11: =H11+I11+J11 -> 60546 | Z11: =TEXT(B11,"mmm") -> Nov | AA11: ="Q"&ROUNDUP(MONTH(B11)/3,0) -> Q4 | AB11: =IF(S11<300,"Short Haul",IF(S11<800,"Medium Haul","Long Haul")) -> Long Haul
A12: ="S"&TEXT(ROW()-1,"0000") -> S0011 | B12: =DATE(2025,RANDBETWEEN(1,12),RANDBETWEEN(1,28)) -> 45770 | C12: =INDEX(Customers!$A$2:$A$21,RANDBETWEEN(1,20)) -> C007 | D12: =INDEX(Routes!$A$2:$A$31,RANDBETWEEN(1,30)) -> R021 | E12: =INDEX(Vehicles!$A$2:$A$21,RANDBETWEEN(1,20)) -> V015 | F12: =INDEX(Drivers!$A$2:$A$31,RANDBETWEEN(1,30)) -> D010 | G12: =ROUND(RANDBETWEEN(20,300)/10,1) -> 20.1 | H12: =ROUND((G12*1800)+RANDBETWEEN(3000,15000),0) -> 45734 | I12: =ROUND(H12*0.28,0) -> 12806 | J12: =RANDBETWEEN(500,4000) -> 774 | K12: =RANDBETWEEN(4,48) -> 39 | L12: =K12+RANDBETWEEN(0,8) -> 45 | M12: =L12-K12 -> 6 | N12: =IF(M12<=2,"On Time","Delayed") -> Delayed | O12: =CHOOSE(RANDBETWEEN(1,3),"High","Medium","Low") -> Low | P12: =ROUND((G12/30)*100,1) -> 67 | Q12: =VLOOKUP(D12,Routes!$A$2:$D$31,2,FALSE) -> Lucknow | R12: =VLOOKUP(D12,Routes!$A$2:$D$31,3,FALSE) -> Kanpur | S12: =VLOOKUP(D12,Routes!$A$2:$D$31,4,FALSE) -> 90 | T12: =VLOOKUP(E12,Vehicles!$A$2:$D$21,2,FALSE) -> Trailer | U12: =VLOOKUP(E12,Vehicles!$A$2:$D$21,3,FALSE) -> 30 | V12: =VLOOKUP(E12,Vehicles!$A$2:$D$21,4,FALSE) -> Diesel | W12: =VLOOKUP(V12,Fuel_Rates!$A$2:$B$3,2,FALSE) -> 95 | X12: =ROUND(H12/S12,2) -> 508.16 | Y12: =H12+I12+J12 -> 59314 | Z12: =TEXT(B12,"mmm") -> Apr | AA12: ="Q"&ROUNDUP(MONTH(B12)/3,0) -> Q2 | AB12: =IF(S12<300,"Short Haul",IF(S12<800,"Medium Haul","Long Haul")) -> Short Haul
A13: ="S"&TEXT(ROW()-1,"0000") -> S0012 | B13: =DATE(2025,RANDBETWEEN(1,12),RANDBETWEEN(1,28)) -> 45793 | C13: =INDEX(Customers!$A$2:$A$21,RANDBETWEEN(1,20)) -> C010 | D13: =INDEX(Routes!$A$2:$A$31,RANDBETWEEN(1,30)) -> R023 | E13: =INDEX(Vehicles!$A$2:$A$21,RANDBETWEEN(1,20)) -> V012 | F13: =INDEX(Drivers!$A$2:$A$31,RANDBETWEEN(1,30)) -> D016 | G13: =ROUND(RANDBETWEEN(20,300)/10,1) -> 13.7 | H13: =ROUND((G13*1800)+RANDBETWEEN(3000,15000),0) -> 28664 | I13: =ROUND(H13*0.28,0) -> 8026 | J13: =RANDBETWEEN(500,4000) -> 2734 | K13: =RANDBETWEEN(4,48) -> 41 | L13: =K13+RANDBETWEEN(0,8) -> 43 | M13: =L13-K13 -> 2 | N13: =IF(M13<=2,"On Time","Delayed") -> On Time | O13: =CHOOSE(RANDBETWEEN(1,3),"High","Medium","Low") -> Low | P13: =ROUND((G13/30)*100,1) -> 45.7 | Q13: =VLOOKUP(D13,Routes!$A$2:$D$31,2,FALSE) -> Kochi | R13: =VLOOKUP(D13,Routes!$A$2:$D$31,3,FALSE) -> Bengaluru | S13: =VLOOKUP(D13,Routes!$A$2:$D$31,4,FALSE) -> 550 | T13: =VLOOKUP(E13,Vehicles!$A$2:$D$21,2,FALSE) -> Truck | U13: =VLOOKUP(E13,Vehicles!$A$2:$D$21,3,FALSE) -> 20 | V13: =VLOOKUP(E13,Vehicles!$A$2:$D$21,4,FALSE) -> CNG | W13: =VLOOKUP(V13,Fuel_Rates!$A$2:$B$3,2,FALSE) -> 78 | X13: =ROUND(H13/S13,2) -> 52.12 | Y13: =H13+I13+J13 -> 39424 | Z13: =TEXT(B13,"mmm") -> May | AA13: ="Q"&ROUNDUP(MONTH(B13)/3,0) -> Q2 | AB13: =IF(S13<300,"Short Haul",IF(S13<800,"Medium Haul","Long Haul")) -> Medium Haul
... A1001: ="S"&TEXT(ROW()-1,"0000") -> S1000 | B1001: =DATE(2025,RANDBETWEEN(1,12),RANDBETWEEN(1,28)) -> 45885 | C1001: =INDEX(Customers!$A$2:$A$21,RANDBETWEEN(1,20)) -> C013 | D1001: =INDEX(Routes!$A$2:$A$31,RANDBETWEEN(1,30)) -> R007 | E1001: =INDEX(Vehicles!$A$2:$A$21,RANDBETWEEN(1,20)) -> V011 | F1001: =INDEX(Drivers!$A$2:$A$31,RANDBETWEEN(1,30)) -> D030 | G1001: =ROUND(RANDBETWEEN(20,300)/10,1) -> 3.3 | H1001: =ROUND((G1001*1800)+RANDBETWEEN(3000,15000),0) -> 19308 | I1001: =ROUND(H1001*0.28,0) -> 5406 | J1001: =RANDBETWEEN(500,4000) -> 2435 | K1001: =RANDBETWEEN(4,48) -> 31 | L1001: =K1001+RANDBETWEEN(0,8) -> 39 | M1001: =L1001-K1001 -> 8 | N1001: =IF(M1001<=2,"On Time","Delayed") -> Delayed | O1001: =CHOOSE(RANDBETWEEN(1,3),"High","Medium","Low") -> Medium | P1001: =ROUND((G1001/30)*100,1) -> 11 | Q1001: =VLOOKUP(D1001,Routes!$A$2:$D$31,2,FALSE) -> Delhi | R1001: =VLOOKUP(D1001,Routes!$A$2:$D$31,3,FALSE) -> Chandigarh | S1001: =VLOOKUP(D1001,Routes!$A$2:$D$31,4,FALSE) -> 250 | T1001: =VLOOKUP(E1001,Vehicles!$A$2:$D$21,2,FALSE) -> Truck | U1001: =VLOOKUP(E1001,Vehicles!$A$2:$D$21,3,FALSE) -> 18 | V1001: =VLOOKUP(E1001,Vehicles!$A$2:$D$21,4,FALSE) -> CNG | W1001: =VLOOKUP(V1001,Fuel_Rates!$A$2:$B$3,2,FALSE) -> 78 | X1001: =ROUND(H1001/S1001,2) -> 77.23 | Y1001: =H1001+I1001+J1001 -> 27149 | Z1001: =TEXT(B1001,"mmm") -> Aug | AA1001: ="Q"&ROUNDUP(MONTH(B1001)/3,0) -> Q3 | AB1001: =IF(S1001<300,"Short Haul",IF(S1001<800,"Medium Haul","Long Haul")) -> Short Haul

Sheet Fuel_Rates
A1: Fuel Type | B1: Rate per Litre
A2: Diesel | B2: 95
A3: CNG | B3: 78
